{
	"BUILD_DIR" : "/Users/joris/Uni/MA/Code/PathPlanner_US_wip/libs/USLib/USLib_autogen",
	"CMAKE_BINARY_DIR" : "/Users/joris/Uni/MA/Code/PathPlanner_US_wip",
	"CMAKE_CURRENT_BINARY_DIR" : "/Users/joris/Uni/MA/Code/PathPlanner_US_wip/libs/USLib",
	"CMAKE_CURRENT_SOURCE_DIR" : "/Users/joris/Uni/MA/Code/PathPlanner_US_wip/libs/USLib",
	"CMAKE_EXECUTABLE" : "/opt/homebrew/bin/cmake",
	"CMAKE_LIST_FILES" : 
	[
		"/Users/joris/Uni/MA/Code/PathPlanner_US_wip/libs/USLib/CMakeLists.txt",
		"/Users/joris/Uni/MA/Code/PathPlanner_US_wip/CMakeFiles/3.31.6/CMakeCCompiler.cmake",
		"/opt/homebrew/share/cmake/Modules/CMakeCInformation.cmake",
		"/opt/homebrew/share/cmake/Modules/CMakeLanguageInformation.cmake",
		"/opt/homebrew/share/cmake/Modules/Compiler/AppleClang-C.cmake",
		"/opt/homebrew/share/cmake/Modules/Compiler/Clang.cmake",
		"/opt/homebrew/share/cmake/Modules/Platform/Apple-AppleClang-C.cmake",
		"/opt/homebrew/share/cmake/Modules/Platform/Apple-Clang-C.cmake",
		"/opt/homebrew/share/cmake/Modules/Platform/Apple-Clang.cmake",
		"/opt/homebrew/share/cmake/Modules/CMakeCommonLanguageInclude.cmake",
		"/opt/homebrew/share/cmake/Modules/Internal/CMakeCLinkerInformation.cmake",
		"/opt/homebrew/share/cmake/Modules/Internal/CMakeCommonLinkerInformation.cmake",
		"/opt/homebrew/share/cmake/Modules/Linker/AppleClang-C.cmake",
		"/opt/homebrew/share/cmake/Modules/Linker/AppleClang.cmake",
		"/opt/homebrew/share/cmake/Modules/Platform/Linker/Apple-AppleClang-C.cmake",
		"/opt/homebrew/share/cmake/Modules/Platform/Linker/Apple-AppleClang.cmake"
	],
	"CMAKE_SOURCE_DIR" : "/Users/joris/Uni/MA/Code/PathPlanner_US_wip",
	"CROSS_CONFIG" : false,
	"DEP_FILE" : "/Users/joris/Uni/MA/Code/PathPlanner_US_wip/libs/USLib/USLib_autogen/deps",
	"DEP_FILE_RULE_NAME" : "USLib_autogen/timestamp",
	"HEADERS" : [],
	"HEADER_EXTENSIONS" : [ "h", "hh", "h++", "hm", "hpp", "hxx", "in", "txx" ],
	"INCLUDE_DIR" : "/Users/joris/Uni/MA/Code/PathPlanner_US_wip/libs/USLib/USLib_autogen/include",
	"MOC_COMPILATION_FILE" : "/Users/joris/Uni/MA/Code/PathPlanner_US_wip/libs/USLib/USLib_autogen/mocs_compilation.cpp",
	"MOC_DEFINITIONS" : 
	[
		"BOOST_CONTAINER_DYN_LINK",
		"BOOST_CONTAINER_NO_LIB",
		"BOOST_MATH_C99_DYN_LINK",
		"BOOST_MATH_C99_NO_LIB",
		"BOOST_RANDOM_DYN_LINK",
		"BOOST_RANDOM_NO_LIB",
		"BOOST_SYSTEM_DYN_LINK",
		"BOOST_SYSTEM_NO_LIB",
		"QT_3DCORE_LIB",
		"QT_3DEXTRAS_LIB",
		"QT_3DINPUT_LIB",
		"QT_3DLOGIC_LIB",
		"QT_3DRENDER_LIB",
		"QT_CONCURRENT_LIB",
		"QT_CORE_LIB",
		"QT_GUI_LIB",
		"QT_NETWORK_LIB",
		"QT_NO_DEBUG",
		"QT_OPENGLWIDGETS_LIB",
		"QT_OPENGL_LIB",
		"QT_WIDGETS_LIB",
		"TRAJECTORY_LOGGING_ENABLED=0"
	],
	"MOC_DEPEND_FILTERS" : 
	[
		[
			"Q_PLUGIN_METADATA",
			"[\n][ \t]*Q_PLUGIN_METADATA[ \t]*\\([^\\)]*FILE[ \t]*\"([^\"]+)\""
		]
	],
	"MOC_INCLUDES" : 
	[
		"/Users/joris/Uni/MA/Code/PathPlanner_US_wip/libs/USLib/include",
		"/Users/joris/Uni/MA/Code/PathPlanner_US_wip/libs/TrajectoryLib/include",
		"/Users/joris/Uni/MA/Code/PathPlanner_US_wip/libs/GeometryLib/include",
		"/Users/joris/Uni/MA/Code/PathPlanner_US_wip/libs/Hauser10/include",
		"/opt/homebrew/include",
		"/opt/homebrew/include/eigen3",
		"/opt/homebrew/lib/QtWidgets.framework/Headers",
		"/opt/homebrew/lib/QtWidgets.framework",
		"/opt/homebrew/lib/QtCore.framework/Headers",
		"/opt/homebrew/lib/QtCore.framework",
		"/opt/homebrew/share/qt/mkspecs/macx-clang",
		"/opt/homebrew/lib/QtGui.framework/Headers",
		"/opt/homebrew/lib/QtGui.framework",
		"/opt/homebrew/lib/QtOpenGLWidgets.framework/Headers",
		"/opt/homebrew/lib/QtOpenGLWidgets.framework",
		"/opt/homebrew/lib/QtOpenGL.framework/Headers",
		"/opt/homebrew/lib/QtOpenGL.framework",
		"/opt/homebrew/lib/QtConcurrent.framework/Headers",
		"/opt/homebrew/lib/QtConcurrent.framework",
		"/opt/homebrew/lib/Qt3DCore.framework/Headers",
		"/opt/homebrew/lib/Qt3DCore.framework",
		"/opt/homebrew/lib/QtNetwork.framework/Headers",
		"/opt/homebrew/lib/QtNetwork.framework",
		"/opt/homebrew/lib/Qt3DExtras.framework/Headers",
		"/opt/homebrew/lib/Qt3DExtras.framework",
		"/opt/homebrew/lib/Qt3DInput.framework/Headers",
		"/opt/homebrew/lib/Qt3DInput.framework",
		"/opt/homebrew/lib/Qt3DLogic.framework/Headers",
		"/opt/homebrew/lib/Qt3DLogic.framework",
		"/opt/homebrew/lib/Qt3DRender.framework/Headers",
		"/opt/homebrew/lib/Qt3DRender.framework",
		"/Applications/Xcode.app/Contents/Developer/Platforms/MacOSX.platform/Developer/SDKs/MacOSX15.2.sdk/usr/include/c++/v1",
		"/Applications/Xcode.app/Contents/Developer/Toolchains/XcodeDefault.xctoolchain/usr/lib/clang/16/include",
		"/Applications/Xcode.app/Contents/Developer/Platforms/MacOSX.platform/Developer/SDKs/MacOSX15.2.sdk/usr/include",
		"/Applications/Xcode.app/Contents/Developer/Toolchains/XcodeDefault.xctoolchain/usr/include"
	],
	"MOC_MACRO_NAMES" : 
	[
		"Q_OBJECT",
		"Q_GADGET",
		"Q_NAMESPACE",
		"Q_NAMESPACE_EXPORT",
		"Q_GADGET_EXPORT",
		"Q_ENUM_NS"
	],
	"MOC_OPTIONS" : [],
	"MOC_PATH_PREFIX" : false,
	"MOC_PREDEFS_CMD" : 
	[
		"/Applications/Xcode.app/Contents/Developer/Toolchains/XcodeDefault.xctoolchain/usr/bin/c++",
		"-std=gnu++20",
		"-dM",
		"-E",
		"-c",
		"/opt/homebrew/share/cmake/Modules/CMakeCXXCompilerABI.cpp"
	],
	"MOC_PREDEFS_FILE" : "/Users/joris/Uni/MA/Code/PathPlanner_US_wip/libs/USLib/USLib_autogen/moc_predefs.h",
	"MOC_RELAXED_MODE" : false,
	"MOC_SKIP" : [],
	"MULTI_CONFIG" : false,
	"PARALLEL" : 8,
	"PARSE_CACHE_FILE" : "/Users/joris/Uni/MA/Code/PathPlanner_US_wip/libs/USLib/CMakeFiles/USLib_autogen.dir/ParseCache.txt",
	"QT_MOC_EXECUTABLE" : "/opt/homebrew/share/qt/libexec/moc",
	"QT_UIC_EXECUTABLE" : "/opt/homebrew/share/qt/libexec/uic",
	"QT_VERSION_MAJOR" : 6,
	"QT_VERSION_MINOR" : 9,
	"SETTINGS_FILE" : "/Users/joris/Uni/MA/Code/PathPlanner_US_wip/libs/USLib/CMakeFiles/USLib_autogen.dir/AutogenUsed.txt",
	"SOURCES" : 
	[
		[
			"/Users/joris/Uni/MA/Code/PathPlanner_US_wip/libs/USLib/src/USTrajectoryPlanner.cpp",
			"MU",
			null
		]
	],
	"UIC_OPTIONS" : [],
	"UIC_SEARCH_PATHS" : [],
	"UIC_SKIP" : [],
	"UIC_UI_FILES" : [],
	"USE_BETTER_GRAPH" : true,
	"VERBOSITY" : 0
}
