{
	"BUILD_DIR" : "/Users/joris/Uni/MA/Code/PathPlanner_US_wip/libs/GeometryLib/GeometryLib_autogen",
	"CMAKE_BINARY_DIR" : "/Users/joris/Uni/MA/Code/PathPlanner_US_wip",
	"CMAKE_CURRENT_BINARY_DIR" : "/Users/joris/Uni/MA/Code/PathPlanner_US_wip/libs/GeometryLib",
	"CMAKE_CURRENT_SOURCE_DIR" : "/Users/joris/Uni/MA/Code/PathPlanner_US_wip/libs/GeometryLib",
	"CMAKE_EXECUTABLE" : "/opt/homebrew/bin/cmake",
	"CMAKE_LIST_FILES" : 
	[
		"/Users/joris/Uni/MA/Code/PathPlanner_US_wip/libs/GeometryLib/CMakeLists.txt",
		"/Users/joris/Uni/MA/Code/PathPlanner_US_wip/CMakeFiles/3.31.6/CMakeCCompiler.cmake",
		"/opt/homebrew/share/cmake/Modules/CMakeCInformation.cmake",
		"/opt/homebrew/share/cmake/Modules/CMakeLanguageInformation.cmake",
		"/opt/homebrew/share/cmake/Modules/Compiler/AppleClang-C.cmake",
		"/opt/homebrew/share/cmake/Modules/Compiler/Clang.cmake",
		"/opt/homebrew/share/cmake/Modules/Platform/Apple-AppleClang-C.cmake",
		"/opt/homebrew/share/cmake/Modules/Platform/Apple-Clang-C.cmake",
		"/opt/homebrew/share/cmake/Modules/Platform/Apple-Clang.cmake",
		"/opt/homebrew/share/cmake/Modules/CMakeCommonLanguageInclude.cmake",
		"/opt/homebrew/share/cmake/Modules/Internal/CMakeCLinkerInformation.cmake",
		"/opt/homebrew/share/cmake/Modules/Internal/CMakeCommonLinkerInformation.cmake",
		"/opt/homebrew/share/cmake/Modules/Linker/AppleClang-C.cmake",
		"/opt/homebrew/share/cmake/Modules/Linker/AppleClang.cmake",
		"/opt/homebrew/share/cmake/Modules/Platform/Linker/Apple-AppleClang-C.cmake",
		"/opt/homebrew/share/cmake/Modules/Platform/Linker/Apple-AppleClang.cmake",
		"/opt/homebrew/share/eigen3/cmake/Eigen3ConfigVersion.cmake",
		"/opt/homebrew/share/eigen3/cmake/Eigen3Config.cmake",
		"/opt/homebrew/share/eigen3/cmake/Eigen3Targets.cmake"
	],
	"CMAKE_SOURCE_DIR" : "/Users/joris/Uni/MA/Code/PathPlanner_US_wip",
	"CROSS_CONFIG" : false,
	"DEP_FILE" : "/Users/joris/Uni/MA/Code/PathPlanner_US_wip/libs/GeometryLib/GeometryLib_autogen/deps",
	"DEP_FILE_RULE_NAME" : "GeometryLib_autogen/timestamp",
	"HEADERS" : [],
	"HEADER_EXTENSIONS" : [ "h", "hh", "h++", "hm", "hpp", "hxx", "in", "txx" ],
	"INCLUDE_DIR" : "/Users/joris/Uni/MA/Code/PathPlanner_US_wip/libs/GeometryLib/GeometryLib_autogen/include",
	"MOC_COMPILATION_FILE" : "/Users/joris/Uni/MA/Code/PathPlanner_US_wip/libs/GeometryLib/GeometryLib_autogen/mocs_compilation.cpp",
	"MOC_DEFINITIONS" : [],
	"MOC_DEPEND_FILTERS" : 
	[
		[
			"Q_PLUGIN_METADATA",
			"[\n][ \t]*Q_PLUGIN_METADATA[ \t]*\\([^\\)]*FILE[ \t]*\"([^\"]+)\""
		]
	],
	"MOC_INCLUDES" : 
	[
		"/opt/homebrew/include",
		"/Users/joris/Uni/MA/Code/PathPlanner_US_wip/libs/GeometryLib/include",
		"/opt/homebrew/include/eigen3",
		"/Applications/Xcode.app/Contents/Developer/Platforms/MacOSX.platform/Developer/SDKs/MacOSX15.2.sdk/usr/include/c++/v1",
		"/Applications/Xcode.app/Contents/Developer/Toolchains/XcodeDefault.xctoolchain/usr/lib/clang/16/include",
		"/Applications/Xcode.app/Contents/Developer/Platforms/MacOSX.platform/Developer/SDKs/MacOSX15.2.sdk/usr/include",
		"/Applications/Xcode.app/Contents/Developer/Toolchains/XcodeDefault.xctoolchain/usr/include"
	],
	"MOC_MACRO_NAMES" : 
	[
		"Q_OBJECT",
		"Q_GADGET",
		"Q_NAMESPACE",
		"Q_NAMESPACE_EXPORT",
		"Q_GADGET_EXPORT",
		"Q_ENUM_NS"
	],
	"MOC_OPTIONS" : [],
	"MOC_PATH_PREFIX" : false,
	"MOC_PREDEFS_CMD" : 
	[
		"/Applications/Xcode.app/Contents/Developer/Toolchains/XcodeDefault.xctoolchain/usr/bin/c++",
		"-std=gnu++20",
		"-dM",
		"-E",
		"-c",
		"/opt/homebrew/share/cmake/Modules/CMakeCXXCompilerABI.cpp"
	],
	"MOC_PREDEFS_FILE" : "/Users/joris/Uni/MA/Code/PathPlanner_US_wip/libs/GeometryLib/GeometryLib_autogen/moc_predefs.h",
	"MOC_RELAXED_MODE" : false,
	"MOC_SKIP" : [],
	"MULTI_CONFIG" : false,
	"PARALLEL" : 8,
	"PARSE_CACHE_FILE" : "/Users/joris/Uni/MA/Code/PathPlanner_US_wip/libs/GeometryLib/CMakeFiles/GeometryLib_autogen.dir/ParseCache.txt",
	"QT_MOC_EXECUTABLE" : "/opt/homebrew/share/qt/libexec/moc",
	"QT_UIC_EXECUTABLE" : "/opt/homebrew/share/qt/libexec/uic",
	"QT_VERSION_MAJOR" : 6,
	"QT_VERSION_MINOR" : 9,
	"SETTINGS_FILE" : "/Users/joris/Uni/MA/Code/PathPlanner_US_wip/libs/GeometryLib/CMakeFiles/GeometryLib_autogen.dir/AutogenUsed.txt",
	"SOURCES" : 
	[
		[
			"/Users/joris/Uni/MA/Code/PathPlanner_US_wip/libs/GeometryLib/src/BVHTree.cpp",
			"MU",
			null
		],
		[
			"/Users/joris/Uni/MA/Code/PathPlanner_US_wip/libs/GeometryLib/src/Obstacle.cpp",
			"MU",
			null
		],
		[
			"/Users/joris/Uni/MA/Code/PathPlanner_US_wip/libs/GeometryLib/src/ObstacleTree.cpp",
			"MU",
			null
		]
	],
	"UIC_OPTIONS" : [],
	"UIC_SEARCH_PATHS" : [],
	"UIC_SKIP" : [],
	"UIC_UI_FILES" : [],
	"USE_BETTER_GRAPH" : true,
	"VERBOSITY" : 0
}
